time,throttle,thrust
0.01,9.536114667706796,0.4149279323736219
0.02,9.441083414027183,0.41079300709491434
0.03,9.350681764396384,0.40685952151178717
0.04,9.254026081319404,0.4026539153368631
0.05,9.148886317939864,0.39807915652266196
0.060000000000000005,9.015715010756121,0.39228471118861374
0.07,9.07562578228176,0.39489150162919257
0.08,9.104508816177635,0.3961482375172033
0.09,9.12657127536177,0.39710820191479496
0.09999999999999999,8.924719866227063,0.388325401921566
0.10999999999999999,8.944630180544621,0.3891917238818786
0.11999999999999998,8.963796735690753,0.3900256839772244
0.12999999999999998,8.98285847534046,0.3908550834230052
0.13999999999999999,8.643887669996863,0.37610605194663943
0.15,8.667595908541045,0.37713762620325686
0.16,8.692793426922952,0.3782340008345893
0.17,8.721219780158734,0.3794708659923655
0.18000000000000002,8.253470040505482,0.3591185066609633
0.19000000000000003,8.316757097177216,0.3618722033693031
0.20000000000000004,8.381102132419768,0.36467193401034836
0.21000000000000005,8.446744483150665,0.36752811242409483
0.22000000000000006,8.511573800246424,0.3703489147568132
0.23000000000000007,8.463298841335098,0.3682484126566937
0.24000000000000007,8.528502067864471,0.3710854842430432
0.25000000000000006,8.558524710337263,0.3723918058844779
0.26000000000000006,8.623479968961542,0.3752180880860789
0.2700000000000001,8.68806410976775,0.3780282225006319
0.2800000000000001,8.751654289699035,0.3807951084701879
0.2900000000000001,8.811490006002472,0.38339863316688183
0.3000000000000001,8.874205169361367,0.38612744610252137
0.3100000000000001,8.936546698126831,0.38884000174315997
0.3200000000000001,8.998230999224594,0.39152396060966566
0.3300000000000001,9.059300545279658,0.3941811707375423
0.34000000000000014,9.090098826158467,0.39552124134816335
0.35000000000000014,9.149967687447148,0.39812620822342526
0.36000000000000015,9.208394945348294,0.40066844918423083
0.37000000000000016,9.266346581971504,0.403189995285513
0.38000000000000017,9.202602990635745,0.400416434199405
0.3900000000000002,9.25979468143363,0.40290491413474794
0.4000000000000002,9.316470231848147,0.405370936175073
0.4100000000000002,9.372127838344685,0.40779266623906635
0.4200000000000002,9.426171105201654,0.41014415442446067
0.4300000000000002,9.366657679380134,0.40755465297810983
0.4400000000000002,9.420068246470713,0.4098786116281505
0.45000000000000023,9.347699622782137,0.4067297649078492
0.46000000000000024,9.400194512115108,0.40901388130641486
0.47000000000000025,9.451637414737434,0.41125222448538923
0.48000000000000026,9.501710092202357,0.413430947503401
0.49000000000000027,9.551094547223409,0.4155797251269203
0.5000000000000002,9.388167987364072,0.40849059260630244
0.5100000000000002,9.43711363172073,0.41062027704480614
0.5200000000000002,9.484773107622702,0.4126939987315832
0.5300000000000002,9.53164905644229,0.41473362820328297
0.5400000000000003,9.414719156636759,0.4096458662321246
0.5500000000000003,9.46176916769749,0.4116930693633638
0.5600000000000003,9.508016514116825,0.41370534758108746
0.5700000000000003,9.55391126922784,0.4157022841227058
0.5800000000000003,9.2842150422863,0.40396747369799746
0.5900000000000003,9.346356566262623,0.40667132688732177
0.6000000000000003,9.413954289030686,0.4096125859135267
0.6100000000000003,9.4882970505862,0.412847329770334
0.6200000000000003,9.56890546717421,0.4163546998882751
0.6300000000000003,9.588176422835577,0.41719320257685044
0.6400000000000003,9.6686636810502,0.42069530094679863
0.6500000000000004,9.713673414443441,0.42265372911847215
0.6600000000000004,9.790686701660118,0.4260046707905898
0.6700000000000004,9.85767365332549,0.42891935442423457
0.6800000000000004,9.915604920772573,0.4314400142379218
0.6900000000000004,9.870746628830721,0.4294881754677488
0.7000000000000004,9.912611041485286,0.4313097469135725
0.7100000000000004,9.951361121251505,0.43299580995255404
0.7200000000000004,9.987417175165472,0.434564652654366
0.7300000000000004,10.021420580750558,0.43604418213410895
0.7400000000000004,9.961849276877155,0.43345216234341827
0.7500000000000004,9.99210410243584,0.43476858655294476
0.7600000000000005,10.020574686984613,0.4360073762688754
0.7700000000000005,10.047515211732499,0.4371795912243599
0.7800000000000005,9.72819080947983,0.4232853986102725
0.7900000000000005,9.751962848324741,0.4243197488954705
0.8000000000000005,9.774414262309403,0.42529663718888283
0.8100000000000005,9.79548857155256,0.42621360598227176
0.8200000000000005,9.815197866083357,0.4270711813274907
0.8300000000000005,9.675019144736249,0.42097183489153595
0.8400000000000005,9.690724638925413,0.42165520002061563
0.8500000000000005,9.575791373642595,0.4166543140427819
0.8600000000000005,9.586931940988865,0.41713905366007187
0.8700000000000006,9.596578861156333,0.4175588028743316
0.8800000000000006,9.604924943144963,0.417921951039348
0.8900000000000006,9.537054285758856,0.4149688162963879
0.9000000000000006,9.539142640907919,0.41505968316557484
0.9100000000000006,9.539098734345469,0.4150577727377109
0.9200000000000006,9.537544761276154,0.4149901574819088
0.9300000000000006,9.53427482699436,0.41484787866943423
0.9400000000000006,9.603670392939788,0.41786736403606295
0.9500000000000006,9.597819046312857,0.4176127648369011
0.9600000000000006,9.590402803894063,0.4172900751210116
0.9700000000000006,9.580614202768354,0.41686416119616393
0.9800000000000006,9.891437415866072,0.4303884567440252
0.9900000000000007,9.87309338674405,0.4295902857550817
1.0000000000000007,9.851768800596354,0.4286624271095738
1.0100000000000007,9.825794453801496,0.4275322517304078
1.0200000000000007,9.79529416217538,0.4262051469941285
1.0300000000000007,10.208268359990122,0.4441741559662209
1.0400000000000007,10.18072828661664,0.44297585392178623
1.0500000000000007,10.390780222643075,0.4521154688009647
1.0600000000000007,10.360404881003912,0.45079380079039
1.0700000000000007,10.32525200239877,0.4492642563433201
1.0800000000000007,10.284571018030045,0.4474941772996819
1.0900000000000007,10.735044625869682,0.4670948311511665
1.1000000000000008,10.706631453549212,0.46585853951102596
1.1100000000000008,10.671887834592965,0.46434680244839277
1.1200000000000008,10.631167198486903,0.4625749981094994
1.1300000000000008,10.581139515669404,0.4603982328632506
1.1400000000000008,11.009466689505972,0.47903526847077044
1.1500000000000008,10.979312671663934,0.4777232305274428
1.1600000000000008,10.939017676447348,0.4759699463406616
1.1700000000000008,10.881732243086251,0.4734773875525275
1.1800000000000008,10.796532425642495,0.46977024000634043
1.1900000000000008,10.752787556632635,0.467866847620374
1.2000000000000008,10.692560997100209,0.4652463168600433
1.2100000000000009,10.624158980475666,0.46227006203119564
1.2200000000000009,10.076898717868115,0.4384581032674277
1.2300000000000009,10.055246841697462,0.4375160038354733
1.2400000000000009,10.031362373667136,0.436476761619854
1.2500000000000009,10.003787071070912,0.43527692670914614
1.260000000000001,9.963114140926118,0.43350719811457433
1.270000000000001,9.902506936809388,0.4308701050460251
1.280000000000001,9.774268270739112,0.4252902849183287
1.290000000000001,9.809373895150268,0.4268177732780202
1.300000000000001,9.835830629994012,0.427968937947133
1.310000000000001,9.845541872464098,0.42839148590290965
1.320000000000001,9.849702902615341,0.4285725373790466
1.330000000000001,9.677482508467525,0.4210790188396447
1.340000000000001,9.714603979157417,0.4226942191195013
1.350000000000001,9.755038444219943,0.42445357180868853
1.360000000000001,9.79537118867122,0.42620849851052384
1.370000000000001,9.828058063780803,0.4276307441501346
1.380000000000001,9.869540317073652,0.4294356873779344
1.390000000000001,9.88955625067589,0.4303066049616155
1.400000000000001,9.910366045295113,0.4312120644024205
1.410000000000001,9.932485757230443,0.4321745199367596
1.420000000000001,11.29722126372542,0.4915558195203773
1.430000000000001,11.353942503071831,0.4940238295416258
1.440000000000001,11.407210055683178,0.49634156545796043
1.450000000000001,11.451834817716525,0.4982832430581538
1.460000000000001,11.866493685660005,0.5163255540738569
1.470000000000001,11.918831692358657,0.5186028443184436
1.480000000000001,12.809165427174582,0.5573423465772283
1.490000000000001,12.881404055932673,0.5604855370602039
1.500000000000001,12.941601371004017,0.5631047953585107
1.5100000000000011,13.00080913252377,0.565680996979812
1.5200000000000011,14.013695719039955,0.6097529226766957
1.5300000000000011,14.077839598809845,0.612543900798789
1.5400000000000011,14.137788026966842,0.6151523297251383
1.5500000000000012,14.199021192351834,0.6178166591288028
1.5600000000000012,14.261525835765626,0.6205363120859198
1.5700000000000012,14.89163389552495,0.6479530791360546
1.5800000000000012,14.956514798368376,0.6507761260273133
1.5900000000000012,15.022940173912271,0.6536663748017859
1.6000000000000012,15.088673672328696,0.6565265191620435
1.6100000000000012,15.789496185683339,0.68702015798246
1.6200000000000012,15.862254972116597,0.6901859811576994
1.6300000000000012,15.933975313490292,0.6933066203270345
1.6400000000000012,16.0050523136366,0.6963992669381223
1.6500000000000012,16.07802189019574,0.6995742618477779
1.6600000000000013,16.45208084802354,0.7158500214590711
1.6700000000000013,16.554692369193372,0.7203147733837612
1.6800000000000013,16.65277944295334,0.7245826611059617
1.6900000000000013,16.736499702406018,0.7282254312867902
1.7000000000000013,10.870362488706622,0.47298267572903074
1.7100000000000013,9.17263311897862,0.3991124086802588
1.7200000000000013,9.213115531478444,0.4008738476206829
1.7300000000000013,9.255183026966266,0.40270425544725913
1.7400000000000013,9.298862875827064,0.4046048187275622
1.7500000000000013,9.344115221717173,0.4065738032636672
1.7600000000000013,8.473940616718048,0.3687114492297946
1.7700000000000014,8.544664975157016,0.3717887519718545
1.7800000000000014,8.615190266106481,0.3748573930456459
1.7900000000000014,8.686023388966325,0.37793942825977045
1.8000000000000014,9.067069051282152,0.3945191878698407
1.8100000000000014,9.149178911018101,0.39809188760289854
1.8200000000000014,9.230757013836731,0.4016414499465776
1.8300000000000014,9.314053179364784,0.40526576728561364
1.8400000000000014,9.396732548267137,0.4088632470542644
1.8500000000000014,9.192728893911124,0.3999868002572001
1.8600000000000014,9.291409074035476,0.4042804947577404
1.8700000000000014,9.390039030705838,0.4085720039747929
1.8800000000000014,9.488612336787964,0.41286104825593983
1.8900000000000015,8.805597764282055,0.38314225457252854
1.9000000000000015,8.952111421911795,0.38951724178096403
1.9100000000000015,9.098795936732268,0.39589966319330244
1.9200000000000015,9.240462310355356,0.40206373918678384
1.9300000000000015,9.382277304453181,0.40823428183764504
1.9400000000000015,9.07386766523954,0.3948150038211629
1.9500000000000015,8.571210334088136,0.3729437727826575
1.9600000000000015,8.796532737305421,0.38274782423780707
1.9700000000000015,9.01141706630904,0.3920977024051599
1.9800000000000015,9.213314704872117,0.4008825138969705
1.9900000000000015,8.834521137894765,0.384400745690618
2.0000000000000013,8.48690898474223,0.3692757186747454
2.010000000000001,8.717307776187143,0.3793006499477885
2.020000000000001,9.096684018497188,0.39580777106562165
2.0300000000000007,9.390380165636998,0.4085868471700122
2.0400000000000005,10.267704613122737,0.44676029953513857
2.0500000000000003,10.12850830081146,0.4407036989096303
2.06,9.954603932472368,0.43313690860770204
2.07,9.715862253651482,0.4227489681711197
2.0799999999999996,11.677554411509966,0.5081045767577252
2.0899999999999994,11.602792104337446,0.5048515779615148
2.099999999999999,11.521982221427919,0.5013354417992104
2.109999999999999,11.43108661797817,0.49738046368543254
2.1199999999999988,16.86951772215184,0.7340132068982217
2.1299999999999986,16.81960094492467,0.7318412672889211
2.1399999999999983,16.76798383415865,0.72959534410201
2.149999999999998,16.714558882963765,0.7272707595821192
2.159999999999998,16.659208453848574,0.7248623951791059
2.1699999999999977,18.017387398375636,0.7839584107874753
2.1799999999999975,20.004618349077198,0.870425243271753
2.1899999999999973,19.97832420099805,0.8692811529502561
2.199999999999997,19.953793819395287,0.8682138062505318
2.209999999999997,19.92937184040781,0.8671511762802713
2.2199999999999966,19.910352759892362,0.8663236329852387
2.2299999999999964,19.897850163175374,0.8657796298156198
2.239999999999996,19.889592189214348,0.8654203153379063
2.249999999999996,19.901502151310993,0.8659385322553417
2.259999999999996,19.915513541161832,0.8665481848468921
2.2699999999999956,17.9803532461407,0.7823470098396565
2.2799999999999954,18.00105351041579,0.7832477034821456
2.289999999999995,18.02316714874784,0.7842098947466286
2.299999999999995,18.046026446243786,0.7852045305470585
2.3099999999999947,18.06930970264759,0.7862176133145373
2.3199999999999945,13.304958095336,0.5789148877907756
2.3299999999999943,13.333475483455016,0.5801557139868981
2.339999999999994,13.361761926890669,0.5813864914993273
2.349999999999994,13.389571223996715,0.5825965077953824
2.3599999999999937,12.59753576428229,0.5481340828857072
2.3699999999999934,12.633759222703727,0.5497102095609796
2.3799999999999932,12.195327100919073,0.5306334953941151
2.389999999999993,12.221574719255637,0.531775561149994
2.399999999999993,12.246961099186288,0.5328801533767158
2.4099999999999926,12.271428236480041,0.5339447482397345
2.4199999999999924,12.29513785160018,0.5349763823928438
2.429999999999992,11.685465502419719,0.5084487979325313
2.439999999999992,11.688726260217312,0.508590677465032
2.4499999999999917,11.692246056275568,0.5087438280668987
2.4599999999999915,11.696208606009181,0.5089162434189773
2.4699999999999913,11.700754782672751,0.5091140530876895
2.479999999999991,11.133295877164047,0.48442322683671424
2.489999999999991,11.143065418692116,0.4848483114553176
2.4999999999999907,11.15328621622108,0.4852930307706446
2.5099999999999905,11.164067275909641,0.4857621277730663
2.5199999999999902,12.733160416556856,0.5540352762446489
2.52999999999999,12.768199261977601,0.5555598589693536
2.53999999999999,12.787584508102546,0.5564033345748237
2.5499999999999896,12.806614915514583,0.5572313707168852
2.5599999999999894,13.396841780015885,0.582912858519064
2.569999999999989,13.417837436745893,0.5838264050460695
2.579999999999989,13.717534072060785,0.5968665696795389
2.5899999999999888,13.764701590460158,0.5989188856978144
2.5999999999999885,13.797197856645285,0.6003328377115962
2.6099999999999883,13.834456210949124,0.6019539939637634
2.619999999999988,13.872173558442197,0.6035951215671169
2.629999999999988,14.439446724837618,0.6282778660836624
2.6399999999999877,14.468959591016402,0.6295620067393375
2.6499999999999875,14.498845550425456,0.6308623811346449
2.6599999999999873,14.52974873657892,0.6322070163011909
2.669999999999987,14.56197865000296,0.6336093789828084
2.679999999999987,14.029620893913089,0.6104458463791732
2.6899999999999866,14.05379336756833,0.6114976200693628
2.6999999999999864,14.078958545141669,0.6125925875128312
2.709999999999986,14.106088023515252,0.613773024070085
2.719999999999986,12.688005440548647,0.5520705283903771
2.7299999999999858,12.712088778457534,0.5531184236759727
2.7399999999999856,12.732011591113773,0.5539852894541826
2.7499999999999853,12.726648312319309,0.5537519266792501
2.759999999999985,13.441693095397085,0.5848643937306088
2.769999999999985,13.44794877669317,0.5851365860223567
2.7799999999999847,15.937101479852812,0.6934426436227117
2.7899999999999845,16.003732684351295,0.6963418482650116
2.7999999999999843,16.05599474029299,0.6986158337999083
2.809999999999984,16.082698298186024,0.6997777380397029
2.819999999999984,16.105881000235346,0.7007864455650783
2.8299999999999836,18.583733956938065,0.8086008374716896
2.8399999999999834,18.61511824032141,0.8099664057630797
2.849999999999983,18.642026809087,0.8111372302749585
2.859999999999983,18.6659649526416,0.8121788079778367
2.869999999999983,18.687467859594932,0.8131144255781979
2.8799999999999826,20.524668722122005,0.8930532666897539
2.8899999999999824,20.551524246270752,0.8942217831659227
2.899999999999982,20.57598249151074,0.8952859911248812
2.909999999999982,20.59838288227772,0.896260659336116
2.9199999999999817,24.970062424702967,0.9
2.9299999999999815,25.048740830405265,0.9
2.9399999999999813,25.09615539842102,0.9
2.949999999999981,25.131123400824478,0.9
2.959999999999981,29.017294167688444,0.9
2.9699999999999807,29.097149248289295,0.9
2.9799999999999804,31.609164551073473,0.9
2.9899999999999802,31.694132431006935,0.9
2.99999999999998,31.73899170077676,0.9
3.00999999999998,31.776763562305142,0.9
3.0199999999999796,31.81009358510049,0.9
3.0299999999999794,34.60057912200646,0.9
3.039999999999979,34.641476937798956,0.9
3.049999999999979,34.67743198194405,0.9
3.0599999999999787,34.70945014319892,0.9
3.0699999999999785,34.73799809813478,0.9
3.0799999999999783,39.609712382968844,0.9
3.089999999999978,39.65052267069476,0.9
3.099999999999978,39.686262767868975,0.9
3.1099999999999777,39.71801325988022,0.9
3.1199999999999775,46.113160838245385,0.9
3.1299999999999772,46.17041819269165,0.9
3.139999999999977,46.217569587662375,0.9
3.149999999999977,46.25830403625168,0.9
3.1599999999999766,46.29327948400679,0.9
3.1699999999999764,52.53512403146338,0.9
3.179999999999976,56.705104141954905,0.9
3.189999999999976,56.76397978024443,0.9
3.1999999999999758,56.814046714090736,0.9
3.2099999999999755,56.85666975844887,0.9
3.2199999999999753,56.8920093479856,0.9
3.229999999999975,61.9929209465588,0.9
3.239999999999975,62.03558449300459,0.9
3.2499999999999747,62.07015741122027,0.9
3.2599999999999745,62.09626412429338,0.9
3.2699999999999743,67.39959442906687,0.9
3.279999999999974,67.43077814582334,0.9
3.289999999999974,67.45258128712621,0.9
3.2999999999999736,67.46474502742154,0.9
3.3099999999999734,67.46721111520486,0.9
3.319999999999973,82.17526171962216,0.9
3.329999999999973,82.22152355298701,0.9
3.3399999999999728,82.25539055034896,0.9
3.3499999999999726,82.27631748231535,0.9
3.3599999999999723,82.28398844949483,0.9
3.369999999999972,88.97718091364025,0.9
3.379999999999972,99.34630206050707,0.9
3.3899999999999717,99.3829833207214,0.9
3.3999999999999715,99.40280378298549,0.9
3.4099999999999713,99.40501754561566,0.9
3.419999999999971,99.38901920200544,0.9
3.429999999999971,108.27257080573251,0.9
3.4399999999999706,108.2619538411851,0.9
3.4499999999999704,108.23031238335015,0.9
3.45999999999997,108.17736271062492,0.9
3.46999999999997,108.10285966990226,0.9
3.47999999999997,116.48365690761669,0.9
3.4899999999999696,116.41081963653636,0.9
3.4999999999999694,116.3137263998436,0.9
3.509999999999969,116.1922971565687,0.9
3.519999999999969,140.17034698669056,0.9
3.5299999999999687,140.12553014933283,0.9
3.5399999999999685,140.04973022232497,0.9
3.5499999999999683,139.94134862169142,0.9
3.559999999999968,139.8007400798797,0.9
3.569999999999968,150.13568988444382,0.9
3.5799999999999677,166.0141801139695,0.9
3.5899999999999674,165.9115284563449,0.9
3.5999999999999672,165.76811067433437,0.9
3.609999999999967,165.5831514973487,0.9
3.619999999999967,165.35680660759436,0.9
3.6299999999999666,178.79828583610401,0.9
3.6399999999999664,178.56818644197588,0.9
3.649999999999966,178.2904111730004,0.9
3.659999999999966,177.96665725370715,0.9
3.6699999999999657,190.35370990319848,0.9
3.6799999999999655,190.0168267469316,0.9
3.6899999999999653,189.62844196892075,0.9
3.699999999999965,189.1911138640054,0.9
3.709999999999965,188.70508515312233,0.9
3.7199999999999647,207.37019700848103,0.9
3.7299999999999645,206.91362355142334,0.9
3.7399999999999642,206.40205761884943,0.9
3.749999999999964,205.83474937346867,0.9
3.759999999999964,236.62905450866882,0.9
3.7699999999999636,236.15486636119115,0.9
3.7799999999999634,235.61197661095753,0.9
3.789999999999963,235.00033298285015,0.9
3.799999999999963,234.3215003291358,0.9
3.8099999999999627,256.32616002558814,0.9
3.8199999999999625,274.9107665313825,0.9
3.8299999999999623,274.29873392277756,0.9
3.839999999999962,273.6012266305036,0.9
3.849999999999962,272.82073221878073,0.9
3.8599999999999617,289.6176479014683,0.9
3.8699999999999615,288.7925884466237,0.9
3.8799999999999613,287.8807057138152,0.9
3.889999999999961,286.88369214557326,0.9
3.899999999999961,312.26774877653617,0.9
3.9099999999999606,311.28808351582586,0.9
3.9199999999999604,310.21513916983105,0.9
3.92999999999996,309.0478678700335,0.9
3.93999999999996,307.79408353239177,0.9
3.9499999999999598,328.6951639422196,0.9
3.9599999999999596,327.431533300234,0.9
3.9699999999999593,326.07239232001007,0.9
3.979999999999959,324.6231221581584,0.9
3.989999999999959,373.62798849661584,0.9
3.9999999999999587,372.363042872629,0.9
4.009999999999959,370.9789436886082,0.9
4.019999999999959,369.4800157498497,0.9
4.0299999999999585,367.8709882218168,0.9
4.039999999999958,391.4899285517673,0.9
4.049999999999958,412.9103081679747,0.9
4.059999999999958,411.32104646757875,0.9
4.069999999999958,409.602082158477,0.9
4.079999999999957,407.75890019928835,0.9
4.089999999999957,405.7973460896293,0.9
4.099999999999957,437.9639513973899,0.9
4.109999999999957,436.0308565195346,0.9
4.119999999999957,433.9687715181363,0.9
4.129999999999956,431.782559012957,0.9
4.139999999999956,457.9934968507338,0.9
4.149999999999956,455.78806234967414,0.9
4.159999999999956,453.45607166480534,0.9
4.1699999999999555,450.9974092530206,0.9
4.179999999999955,448.4252514720731,0.9
4.189999999999955,509.81189062823614,0.9
4.199999999999955,507.5053273510944,0.9
4.209999999999955,505.0405669566286,0.9
4.2199999999999545,502.43408544603085,0.9
4.229999999999954,499.6858593415813,0.9
4.239999999999954,528.5577538818836,0.9
4.249999999999954,554.4634151909506,0.9
4.259999999999954,551.7706229583894,0.9
4.269999999999953,548.9121900034781,0.9
4.279999999999953,545.9066494173269,0.9
4.289999999999953,542.7589282471145,0.9
4.299999999999953,581.786281974869,0.9
4.3099999999999525,578.6963301103598,0.9
4.319999999999952,575.4503131010722,0.9
4.329999999999952,572.0535426837507,0.9
4.339999999999952,603.5612549573177,0.9
4.349999999999952,600.1719361386324,0.9
4.3599999999999515,596.6315500605176,0.9
4.369999999999951,592.9510229616947,0.9
4.379999999999951,620.652131530051,0.9
4.389999999999951,616.9603872895831,0.9
4.399999999999951,613.1273960302294,0.9
4.40999999999995,609.1672670752142,0.9
4.41999999999995,605.0913857831046,0.9
4.42999999999995,685.5988567267804,0.9
4.43999999999995,681.9498895596256,0.9
4.4499999999999496,678.1257697167324,0.9
4.459999999999949,674.138739649132,0.9
4.469999999999949,670.0011743335285,0.9
4.479999999999949,750.8912043539522,0.9
4.489999999999949,747.1082444790042,0.9
4.4999999999999485,743.1278623973884,0.9
4.509999999999948,738.9536554261522,0.9
4.519999999999948,734.6112090392389,0.9
4.529999999999948,771.8371373259494,0.9
4.539999999999948,767.4947245523613,0.9
4.549999999999947,762.9678640094409,0.9
4.559999999999947,758.2735871682956,0.9
4.569999999999947,753.4289924283061,0.9
4.579999999999947,802.123444051117,0.9
4.589999999999947,797.4171059011456,0.9
4.599999999999946,792.549962010215,0.9
4.609999999999946,787.5233129420795,0.9
4.619999999999946,866.0046838291192,0.9
4.629999999999946,861.3230209304065,0.9
4.6399999999999455,856.4493704917393,0.9
4.649999999999945,851.385069786091,0.9
4.659999999999945,846.1555572040271,0.9
4.669999999999945,898.5659328839961,0.9
4.679999999999945,934.8960050993189,0.9
4.689999999999944,929.8956719304146,0.9
4.699999999999944,924.6979098210196,0.9
4.709999999999944,919.2973107581386,0.9
4.719999999999944,913.7171248735649,0.9
4.729999999999944,956.2720904247841,0.9
4.739999999999943,950.7314564956367,0.9
4.749999999999943,945.0040946056047,0.9
4.759999999999943,939.1208723069926,0.9
4.769999999999943,933.0806196520601,0.9
4.7799999999999425,970.0944510827217,0.9
4.789999999999942,964.1201858496903,0.9
4.799999999999942,957.9967483032638,0.9
4.809999999999942,951.7372946484604,0.9
4.819999999999942,945.3694045214835,0.9
4.8299999999999415,1053.5446899150095,0.9
4.839999999999941,1047.8093302749237,0.9
4.849999999999941,1041.8879988035765,0.9
4.859999999999941,1035.7868877626308,0.9
4.869999999999941,1075.666880903767,0.9
4.87999999999994,1137.1234122680044,0.9
4.88999999999994,1131.3392438882986,0.9
4.89999999999994,1125.329861250088,0.9
4.90999999999994,1119.1128034938924,0.9
4.9199999999999395,1112.6866107867936,0.9
4.929999999999939,1161.2523981745617,0.9
4.939999999999939,1154.9063417119692,0.9
4.949999999999939,1148.366550701729,0.9
4.959999999999939,1141.6554883481938,0.9
4.9699999999999385,1134.7810033651826,0.9
4.979999999999938,1176.998688938201,0.9
4.989999999999938,1170.2165439383116,0.9
4.999999999999938,1163.2826195100124,0.9
5.009999999999938,1156.2083815755898,0.9
5.019999999999937,1279.1079581038707,0.9
5.029999999999937,1272.7063965269003,0.9
5.039999999999937,1266.0957112460535,0.9
5.049999999999937,1259.2769346811137,0.9
5.0599999999999365,1304.2733748994629,0.9
5.069999999999936,1297.4638804313195,0.9
5.079999999999936,1290.4563521968566,0.9
5.089999999999936,1358.9596662176705,0.9
5.099999999999936,1352.1266061145718,0.9
5.1099999999999355,1345.072265610486,0.9
5.119999999999935,1337.8196419685141,0.9
5.129999999999935,1392.0543360280387,0.9
5.139999999999935,1384.886498535671,0.9
5.149999999999935,1377.519071379975,0.9
5.159999999999934,1369.9658279848686,0.9
5.169999999999934,1362.247238603322,0.9
5.179999999999934,1409.3037118809468,0.9
5.189999999999934,1401.6966994305903,0.9
5.199999999999934,1393.9323740793461,0.9
5.209999999999933,1386.030776094157,0.9
5.219999999999933,1522.9812570594736,0.9
5.229999999999933,1515.8222695351515,0.9
5.239999999999933,1508.441797958175,0.9
5.2499999999999325,1500.8395978395472,0.9
5.259999999999932,1551.048122302294,0.9
5.269999999999932,1543.4728813348931,0.9
5.279999999999932,1620.2833114561527,0.9
5.289999999999932,1612.864703099678,0.9
5.299999999999931,1605.2013815338873,0.9
5.309999999999931,1597.306084221797,0.9
5.319999999999931,1589.2051266803373,0.9
5.329999999999931,1649.770072594214,0.9
5.339999999999931,1641.767121025569,0.9
5.34999999999993,1633.5538236954235,0.9
5.35999999999993,1625.1451458905515,0.9
5.36999999999993,1677.7724562300418,0.9
5.37999999999993,1669.457647002639,0.9
5.3899999999999295,1660.9553776563637,0.9
5.399999999999929,1652.2897326604386,0.9
5.409999999999929,1643.4770034055598,0.9
5.419999999999929,1795.6306976766068,0.9
5.429999999999929,1787.64848917645,0.9
5.4399999999999284,1779.4295612718713,0.9
5.449999999999928,1770.9896333184429,0.9
5.459999999999928,1826.5063765712084,0.9
5.469999999999928,1818.1097197705851,0.9
5.479999999999928,1902.5267181755894,0.9
5.489999999999927,1894.3105852474655,0.9
5.499999999999927,1885.8319685986924,0.9
5.509999999999927,1877.111668200322,0.9
5.519999999999927,1868.1762465928439,0.9
5.5299999999999265,1934.6561777091981,0.9
5.539999999999926,1925.843116271804,0.9
5.549999999999926,1916.8069541719085,0.9
5.559999999999926,1907.572290600656,0.9
5.569999999999926,1994.163803773432,0.9
5.5799999999999255,1985.221333763996,0.9
5.589999999999925,1976.055847297143,0.9
5.599999999999925,1966.6916401007595,0.9
5.609999999999925,1957.153199024973,0.9
5.619999999999925,2015.7641329099822,0.9
5.629999999999924,2006.3891173988234,0.9
5.639999999999924,1996.8432344025018,0.9
5.649999999999924,1987.149270146202,0.9
5.659999999999924,2156.8043210045257,0.9
5.6699999999999235,2148.0217401432774,0.9
5.679999999999923,2138.9860698497405,0.9
5.689999999999923,2129.719673105075,0.9
5.699999999999923,2120.245375734342,0.9
5.709999999999923,2182.273141613816,0.9
5.7199999999999225,2255.681236460568,0.9
5.729999999999922,2246.6197595350864,0.9
5.739999999999922,2237.2958067898203,0.9
5.749999999999922,2227.7345668971543,0.9
5.759999999999922,2323.0361511874594,0.9
5.769999999999921,2313.723771931523,0.9
5.779999999999921,2304.14461482845,0.9
5.789999999999921,2294.327301038123,0.9
5.799999999999921,2358.8789364791623,0.9
5.809999999999921,2349.1167789237984,0.9
5.81999999999992,2339.121842250136,0.9
5.82999999999992,2328.9167381260713,0.9
5.83999999999992,2318.5240995492177,0.9
5.84999999999992,2394.161964010747,0.9
5.8599999999999195,2384.0187110892452,0.9
5.869999999999919,2373.6901843878577,0.9
5.879999999999919,2363.1938495624413,0.9
5.889999999999919,2352.564252852728,0.9
5.899999999999919,2528.733271343266,0.9
5.909999999999918,2519.053480248462,0.9
5.919999999999918,2509.1302901117615,0.9
5.929999999999918,2498.9946409341655,0.9
5.939999999999918,2578.317789876108,0.9
5.949999999999918,2681.943087971688,0.9
5.959999999999917,2672.438680402339,0.9
5.969999999999917,2662.6260559632383,0.9
5.979999999999917,2652.521046897819,0.9
5.989999999999917,2642.161313316078,0.9
5.9999999999999165,2712.142573654135,0.9
6.009999999999916,2701.821554453417,0.9
6.019999999999916,2691.23976950825,0.9
6.029999999999916,2680.4350923636375,0.9
6.039999999999916,2669.41981660488,0.9
6.0499999999999154,2751.2578211196346,0.9
6.059999999999915,2740.490877337151,0.9
6.069999999999915,2729.5258509409914,0.9
6.079999999999915,2718.372851094304,0.9
6.089999999999915,2707.068131238212,0.9
6.099999999999914,2897.8911867792076,0.9
6.109999999999914,2887.5667955757312,0.9
6.119999999999914,2876.993088747557,0.9
6.129999999999914,2866.184247695226,0.9
6.1399999999999135,2952.1198795217156,0.9
6.149999999999913,3027.3356844808745,0.9
6.159999999999913,3016.966200107098,0.9
6.169999999999913,3006.2981930564533,0.9
6.179999999999913,2995.3447967998645,0.9
6.1899999999999125,2984.148910010229,0.9
6.199999999999912,3096.828555778942,0.9
6.209999999999912,3085.949932205106,0.9
6.219999999999912,3074.794516651967,0.9
6.229999999999912,3063.389020751175,0.9
6.239999999999911,3152.2707601001375,0.9
6.249999999999911,3141.053329071802,0.9
6.259999999999911,3129.5544488719456,0.9
6.269999999999911,3117.8471046474588,0.9
6.2799999999999105,3105.92797236343,0.9
6.28999999999991,3311.484340268841,0.9
6.29999999999991,3300.5295211001785,0.9
6.30999999999991,3289.267062728955,0.9
6.31999999999991,3277.721601791508,0.9
6.3299999999999095,3369.9204420987694,0.9
6.339999999999909,3358.499234475636,0.9
6.349999999999909,3478.5152669645595,0.9
6.359999999999909,3467.2739557763903,0.9
6.369999999999909,3455.694691177366,0.9
6.379999999999908,3443.772509316469,0.9
6.389999999999908,3431.5675592029675,0.9
6.399999999999908,3512.402673018401,0.9
6.409999999999908,3500.233100856952,0.9
6.419999999999908,3487.767793040725,0.9
6.429999999999907,3475.054313721261,0.9
6.439999999999907,3569.8993786358874,0.9
6.449999999999907,3557.3944621723963,0.9
6.459999999999907,3544.625448776551,0.9
6.4699999999999065,3531.6314868738255,0.9
6.479999999999906,3518.4371975113886,0.9
6.489999999999906,3738.5037756150205,0.9
6.499999999999906,3726.359239311187,0.9
6.509999999999906,3713.9280637089882,0.9
6.519999999999905,3701.1913626985292,0.9
6.529999999999905,3799.8735118764944,0.9
6.539999999999905,3787.3189874112745,0.9
6.549999999999905,3873.1868459682046,0.9
6.559999999999905,3860.6412215700198,0.9
6.569999999999904,3847.7805461970693,0.9
6.579999999999904,3834.6339360815,0.9
6.589999999999904,3821.232941669006,0.9
6.599999999999904,3950.099896058306,0.9
6.6099999999999035,3937.104582254435,0.9
6.619999999999903,3923.8185448017216,0.9
6.629999999999903,3910.282506435482,0.9
6.639999999999903,4011.9190096906277,0.9
6.649999999999903,3998.6401535116593,0.9
6.659999999999902,3985.087609175384,0.9
6.669999999999902,3971.3237731149234,0.9
6.679999999999902,3957.3819356470844,0.9
6.689999999999902,4192.553683327456,0.9
6.699999999999902,4179.698705976973,0.9
6.709999999999901,4166.546744860946,0.9
6.719999999999901,4153.134438538501,0.9
6.729999999999901,4258.51809668427,0.9
6.739999999999901,4245.25182619957,0.9
6.7499999999999005,4336.961465445085,0.9
6.7599999999999,4323.720242177471,0.9
6.7699999999999,4310.142887570838,0.9
6.7799999999999,4296.280954619376,0.9
6.7899999999999,4282.144350044658,0.9
6.7999999999998995,4419.742293114443,0.9
6.809999999999899,4406.024599072207,0.9
6.819999999999899,4392.015836573548,0.9
6.829999999999899,4377.747274902767,0.9
6.839999999999899,4486.096052586236,0.9
6.849999999999898,4472.101890959929,0.9
6.859999999999898,4457.821667682675,0.9
6.869999999999898,4443.3105941599815,0.9
6.879999999999898,4428.603056363108,0.9
6.8899999999998975,4680.009069313145,0.9
6.899999999999897,4666.445788546873,0.9
6.909999999999897,4652.562383576439,0.9
6.919999999999897,4638.384330038106,0.9
6.929999999999897,4751.2908929601135,0.9
6.9399999999998965,4737.266797435228,0.9
6.949999999999896,4835.320674052469,0.9
6.959999999999896,4821.325098707074,0.9
6.969999999999896,4806.987039767039,0.9
6.979999999999896,4792.324297686834,0.9
6.989999999999895,4777.405526210349,0.9
6.999999999999895,4924.363267275801,0.9
7.009999999999895,4909.840600481319,0.9
7.019999999999895,4894.998320333013,0.9
7.0299999999998946,4879.91595652313,0.9
7.039999999999894,4995.506264663463,0.9
7.049999999999894,4980.646423110316,0.9
7.059999999999894,4965.508122390246,0.9
7.069999999999894,4950.148245711498,0.9
7.0799999999998935,4934.531983384874,0.9
7.089999999999893,5201.28830955774,0.9
7.099999999999893,5186.850953952125,0.9
7.109999999999893,5172.101771157903,0.9
7.119999999999893,5157.018776629682,0.9
7.129999999999892,5141.679197997758,0.9
7.139999999999892,5260.885955473206,0.9
7.149999999999892,5416.051507491524,0.9
7.159999999999892,5401.508697120592,0.9
7.169999999999892,5386.5920579371805,0.9
7.179999999999891,5371.279972265335,0.9
7.189999999999891,5355.649897206993,0.9
7.199999999999891,5459.996625831789,0.9
7.209999999999891,5444.408763963666,0.9
7.2199999999998905,5428.467558971487,0.9
7.22999999999989,5412.254473951538,0.9
7.23999999999989,5534.306817301612,0.9
7.24999999999989,5518.321220808402,0.9
7.25999999999989,5502.044497384611,0.9
7.269999999999889,5485.512581138748,0.9
7.279999999999889,5644.1665448848225,0.9
7.289999999999889,5628.136160227585,0.9
7.299999999999889,5611.822862139528,0.9
7.309999999999889,5595.270753076917,0.9
7.319999999999888,5578.483670357054,0.9
7.329999999999888,5828.532457882063,0.9
7.339999999999888,5812.791955768782,0.9
7.349999999999888,5796.713328496033,0.9
7.3599999999998875,5780.376985197082,0.9
7.369999999999887,5763.771774398581,0.9
7.379999999999887,5927.353258041428,0.9
7.389999999999887,6038.735117883517,0.9
7.399999999999887,6022.943248213215,0.9
7.4099999999998865,6006.793272694957,0.9
7.419999999999886,5990.301434651096,0.9
7.429999999999886,6120.210653563411,0.9
7.439999999999886,6103.838305410985,0.9
7.449999999999886,6087.1311746523415,0.9
7.459999999999885,6070.101935467351,0.9
7.469999999999885,6052.78770953637,0.9
7.479999999999885,6164.656935881323,0.9
7.489999999999885,6147.545497198338,0.9
7.4999999999998845,6130.159911529,0.9
7.509999999999884,6112.538455659948,0.9
7.519999999999884,6431.420762454981,0.9
7.529999999999884,6415.118363791046,0.9
7.539999999999884,6398.440219449627,0.9
7.5499999999998835,6381.40944229769,0.9
7.559999999999883,6364.055505355049,0.9
7.569999999999883,6479.265410458389,0.9
7.579999999999883,6462.015863843383,0.9
7.589999999999883,6635.824192933305,0.9
7.599999999999882,6618.894471228804,0.9
7.609999999999882,6601.568234753642,0.9
7.619999999999882,6583.874504697081,0.9
7.629999999999882,6720.054296328031,0.9
7.6399999999998816,6702.475200150445,0.9
7.649999999999881,6684.52121880189,0.9
7.659999999999881,6666.2275564781075,0.9
7.669999999999881,6647.641062005074,0.9
7.679999999999881,6765.113181441864,0.9
7.6899999999998805,6746.708970374249,0.9
7.69999999999988,6728.0254356428,0.9
7.70999999999988,6709.121970798012,0.9
7.71999999999988,7045.005105493857,0.9
7.72999999999988,7027.449537810914,0.9
7.739999999999879,7009.4992628492955,0.9
7.749999999999879,6991.200705079324,0.9
7.759999999999879,6972.567097646221,0.9
7.769999999999879,7093.443843919163,0.9
7.779999999999879,7074.917772041585,0.9
7.789999999999878,7257.318608218924,0.9
7.799999999999878,7239.126682981583,0.9
7.809999999999878,7220.541008556054,0.9
7.819999999999878,7201.577323801028,0.9
7.8299999999998775,7344.652714264272,0.9
7.839999999999877,7325.808827648137,0.9
7.849999999999877,7306.592677811076,0.9
7.859999999999877,7287.0254279850205,0.9
7.869999999999877,7410.39269699582,0.9
7.879999999999876,7390.934324318525,0.9
7.889999999999876,7371.159690848701,0.9
7.899999999999876,7351.09470186016,0.9
7.909999999999876,7330.798196502467,0.9
7.919999999999876,7682.911155021105,0.9
7.929999999999875,7664.00060868421,0.9
7.939999999999875,7644.7080395256835,0.9
7.949999999999875,7625.055370307716,0.9
7.959999999999875,7751.893008341551,0.9
7.9699999999998745,7732.293973616493,0.9
7.979999999999874,7712.330963022091,0.9
7.989999999999874,7903.222655715327,0.9
7.999999999999874,7883.6061265159815,0.9
8.009999999999874,7863.584707241021,0.9
8.019999999999873,7843.1890612480265,0.9
8.029999999999873,7992.669105749519,0.9
8.039999999999873,7972.42250549064,0.9
8.049999999999873,7951.802105094971,0.9
8.059999999999873,7930.843434692257,0.9
8.069999999999872,7909.591676592462,0.9
8.079999999999872,8103.191187783345,0.9
8.089999999999872,8082.476418017967,0.9
8.099999999999872,8061.45429980907,0.9
8.109999999999872,8040.159907947464,0.9
8.119999999999871,8345.092435179635,0.9
8.129999999999871,8324.852000748248,0.9
8.139999999999871,8304.233240861256,0.9
8.14999999999987,8283.251738590983,0.9
8.15999999999987,8261.949716624396,0.9
8.16999999999987,8394.182009416994,0.9
8.17999999999987,8373.050039364358,0.9
8.18999999999987,8573.148428178676,0.9
8.19999999999987,8552.41335945259,0.9
8.20999999999987,8531.28552423781,0.9
8.21999999999987,8509.80453094471,0.9
8.229999999999869,8487.990616544856,0.9
8.239999999999869,8644.226146446765,0.9
8.249999999999869,8622.690167720737,0.9
8.259999999999868,8600.848803685587,0.9
8.269999999999868,8578.714656850942,0.9
8.279999999999868,8781.138214408895,0.9
8.289999999999868,8759.585751070459,0.9
8.299999999999867,8737.744352153395,0.9
8.309999999999867,8715.617516336355,0.9
8.319999999999867,9034.117413507056,0.9
8.329999999999867,9013.074978150606,0.9
8.339999999999867,8991.661374166311,0.9
8.349999999999866,8969.870302383253,0.9
8.359999999999866,8947.765117817238,0.9
8.369999999999866,9085.966006994831,0.9
8.379999999999866,9064.022586635148,0.9
8.389999999999866,9272.75907798191,0.9
8.399999999999865,9251.206397601552,0.9
8.409999999999865,9229.250094750174,0.9
8.419999999999865,9206.919653867608,0.9
8.429999999999865,9184.253166084904,0.9
8.439999999999864,9347.385579819136,0.9
8.449999999999864,9324.9959455855,0.9
8.459999999999864,9302.268838308519,0.9
8.469999999999864,9279.254793999005,0.9
8.479999999999864,9420.110834783745,0.9
8.489999999999863,9397.369147696974,0.9
8.499999999999863,9374.368696869215,0.9
8.509999999999863,9351.128889315867,0.9
8.519999999999863,9327.766554985705,0.9
8.529999999999863,9731.139843083172,0.9
8.539999999999862,9709.385838286023,0.9
8.549999999999862,9687.305513102012,0.9
8.559999999999862,9664.891823862263,0.9
8.569999999999862,9642.211094413387,0.9
8.579999999999862,9859.035342141446,0.9
8.589999999999861,10005.94425059098,0.9
8.599999999999861,9984.205252708003,0.9
8.60999999999986,9962.017266664594,0.9
8.61999999999986,9939.457857776042,0.9
8.62999999999986,10110.811507015394,0.9
8.63999999999986,10088.363934344849,0.9
8.64999999999986,10065.46685850505,0.9
8.65999999999986,10042.213709097472,0.9
8.66999999999986,10018.587539931137,0.9
8.67999999999986,10239.429317480162,0.9
8.68999999999986,10216.301196887827,0.9
8.699999999999859,10192.813287402441,0.9
8.709999999999859,10169.003634833944,0.9
8.719999999999859,10144.917861732556,0.9
8.729999999999858,10491.453880317993,0.9
8.739999999999858,10468.500189775856,0.9
8.749999999999858,10445.165561239872,0.9
8.759999999999858,10421.475515202921,0.9
8.769999999999857,10397.465709589434,0.9
8.779999999999857,10547.9298778617,0.9
8.789999999999857,10775.00292086904,0.9
8.799999999999857,10751.92800772143,0.9
8.809999999999857,10728.397972917353,0.9
8.819999999999856,10704.47251463127,0.9
8.829999999999856,10680.149783252577,0.9
8.839999999999856,10857.660733713841,0.9
8.849999999999856,10833.542260316692,0.9
8.859999999999856,10809.087851207876,0.9
8.869999999999855,10784.262282270194,0.9
8.879999999999855,10937.42594336367,0.9
8.889999999999855,10912.810965540111,0.9
8.899999999999855,10887.915161614774,0.9
8.909999999999854,10862.763947962905,0.9
8.919999999999854,10837.408755308388,0.9
8.929999999999854,11275.54363548289,0.9
8.939999999999854,11251.838803632412,0.9
8.949999999999854,11227.733289525897,0.9
8.959999999999853,11203.305877499297,0.9
8.969999999999853,11360.513766561553,0.9
8.979999999999853,11336.269114800629,0.9
8.989999999999853,11573.06550731079,0.9
8.999999999999853,11549.139084660035,0.9
9.009999999999852,11524.750794719539,0.9
9.019999999999852,11499.967535609147,0.9
9.029999999999852,11474.71750058353,0.9
9.039999999999852,11659.741828377219,0.9
9.049999999999851,11634.694238918799,0.9
9.059999999999851,11609.254063598299,0.9
9.069999999999851,11583.441501454072,0.9
9.07999999999985,11822.586684312228,0.9
9.08999999999985,11797.287343176864,0.9
9.09999999999985,11771.664591898825,0.9
9.10999999999985,11745.666971374298,0.9
9.11999999999985,12120.325566155421,0.9
9.12999999999985,12095.401898359112,0.9
9.13999999999985,12070.073790612283,0.9
9.14999999999985,12044.294177631287,0.9
9.15999999999985,12018.121030995559,0.9
9.169999999999849,12180.113628931658,0.9
9.179999999999849,12154.068406235292,0.9
9.189999999999849,12398.924504461578,0.9
9.199999999999848,12373.234282429372,0.9
9.209999999999848,12347.086435616944,0.9
9.219999999999848,12320.535449119532,0.9
9.229999999999848,12511.73041962712,0.9
9.239999999999847,12485.324056951702,0.9
9.249999999999847,12458.44595635841,0.9
9.259999999999847,12431.2095302733,0.9
9.269999999999847,12403.667160747122,0.9
9.279999999999847,12568.255722119638,0.9
9.289999999999846,12540.976842159325,0.9
9.299999999999846,12513.451483581324,0.9
9.309999999999846,12485.66064373809,0.9
9.319999999999846,12957.918435353202,0.9
9.329999999999846,12931.872631973867,0.9
9.339999999999845,12905.399369711768,0.9
9.349999999999845,12878.562051398963,0.9
9.359999999999845,12851.41457285716,0.9
9.369999999999845,13020.164751400624,0.9
9.379999999999844,12993.271258042825,0.9
9.389999999999844,13247.909499397863,0.9
9.399999999999844,13221.48413072869,0.9
9.409999999999844,13194.638099681739,0.9
9.419999999999844,13167.39876092515,0.9
9.429999999999843,13366.738926201117,0.9
9.439999999999843,13339.745772390123,0.9
9.449999999999843,13312.305212807238,0.9
9.459999999999843,13284.529205364854,0.9
9.469999999999843,13256.444850857248,0.9
9.479999999999842,13427.806852519305,0.9
9.489999999999842,13400.041044433015,0.9
9.499999999999842,13372.07066408811,0.9
9.509999999999842,13343.829297495167,0.9
9.519999999999841,13833.191384717027,0.9
9.529999999999841,13806.737584514662,0.9
9.539999999999841,13779.963810436668,0.9
9.54999999999984,13752.834642098507,0.9
9.55999999999984,13725.354774390125,0.9
9.56999999999984,13988.0996074151,0.9
9.57999999999984,13961.204800396607,0.9
9.58999999999984,14138.403623933415,0.9
9.59999999999984,14111.565387702052,0.9
9.60999999999984,14084.28865909347,0.9
9.61999999999984,14056.626151903594,0.9
9.62999999999984,14263.422842910926,0.9
9.639999999999839,14235.955984859187,0.9
9.649999999999839,14208.103965272603,0.9
9.659999999999838,14179.863729266068,0.9
9.669999999999838,14151.289104822901,0.9
9.679999999999838,14418.514765933733,0.9
9.689999999999838,14390.636290185363,0.9
9.699999999999838,14362.490509127865,0.9
9.709999999999837,14334.032757518597,0.9
9.719999999999837,14754.6443111232,0.9
9.729999999999837,14727.509759454595,0.9
9.739999999999837,14700.024855416936,0.9
9.749999999999837,14672.164449519918,0.9
9.759999999999836,14946.250762416445,0.9
9.769999999999836,14918.826708481422,0.9
9.779999999999836,14891.024036020113,0.9
9.789999999999836,15075.449323991676,0.9
9.799999999999836,15047.641875782216,0.9
9.809999999999835,15019.376752148757,0.9
9.819999999999835,14990.69206582492,0.9
9.829999999999835,15205.771028362511,0.9
9.839999999999835,15177.331437222225,0.9
9.849999999999834,15148.490956444199,0.9
9.859999999999834,15119.314818914387,0.9
9.869999999999834,15089.80462191643,0.9
9.879999999999834,15274.861335366273,0.9
9.889999999999834,15245.795693949536,0.9
9.899999999999833,15216.505847643948,0.9
9.909999999999833,15187.047114883317,0.9
9.919999999999833,15714.108389301202,0.9
9.929999999999833,15686.56868778809,0.9
9.939999999999833,15658.725185325166,0.9
9.949999999999832,15630.517004674948,0.9
9.959999999999832,15602.038112561499,0.9
9.969999999999832,15791.821807110256,0.9
9.979999999999832,15763.68062791345,0.9
9.989999999999831,16048.767625862156,0.9
9.999999999999831,16021.235970518372,0.9
10.009999999999831,15993.263976575523,0.9
10.01999999999983,15964.920836651863,0.9
10.02999999999983,15936.22988273189,0.9
10.03999999999983,16159.776192080466,0.9
10.04999999999983,16131.477265448235,0.9
10.05999999999983,16102.875163984341,0.9
10.06999999999983,16073.97151425113,0.9
10.07999999999983,16267.52276714589,0.9
10.08999999999983,16239.045175922738,0.9
10.09999999999983,16210.324000908779,0.9
10.109999999999829,16181.40762929046,0.9
10.119999999999829,16730.12879707319,0.9
10.129999999999828,16703.123247451986,0.9
10.139999999999828,16675.749022877255,0.9
10.149999999999828,16647.995822553054,0.9
10.159999999999828,16619.87488543123,0.9
10.169999999999828,16915.119308392572,0.9
10.179999999999827,16887.608576404004,0.9
10.189999999999827,17087.477285566012,0.9
10.199999999999827,17059.982401025103,0.9
10.209999999999827,17031.98663567681,0.9
10.219999999999827,17003.53538057505,0.9
10.229999999999826,17235.994436768287,0.9
10.239999999999826,17207.723584279967,0.9
10.249999999999826,17178.970408294303,0.9
10.259999999999826,17149.809021204346,0.9
10.269999999999825,17120.26561782841,0.9
10.279999999999825,17320.82465360108,0.9
10.289999999999825,17291.613570368972,0.9
10.299999999999825,17262.122558090716,0.9
10.309999999999825,17232.378008923748,0.9
10.319999999999824,17799.082898273657,0.9
10.329999999999824,17771.251150778135,0.9
10.339999999999824,17743.028530405707,0.9
10.349999999999824,17714.394852293095,0.9
10.359999999999824,17685.38549277894,0.9
10.369999999999823,17890.027332312296,0.9
10.379999999999823,17861.260676005088,0.9
10.389999999999823,18168.012411972242,0.9
10.399999999999823,18139.78113432052,0.9
10.409999999999823,18111.070633906264,0.9
10.419999999999822,18081.912284704013,0.9
10.429999999999822,18322.4825872092,0.9
10.439999999999822,18293.532060206093,0.9
10.449999999999822,18264.115919744912,0.9
10.459999999999821,18234.27751176932,0.9
10.469999999999821,18204.07298516391,0.9
10.479999999999821,18411.93512720419,0.9
10.48999999999982,18382.08522736525,0.9
10.49999999999982,18351.945420097378,0.9
10.50999999999982,18321.57432457291,0.9
10.51999999999982,18909.143839128905,0.9
10.52999999999982,18880.75904341521,0.9
10.53999999999982,18851.965248388027,0.9
10.54999999999982,18822.773683827778,0.9
10.55999999999982,18793.1912713714,0.9
10.569999999999819,19005.93520774673,0.9
10.579999999999819,18976.620563214026,0.9
10.589999999999819,19295.068280389038,0.9
10.599999999999818,19266.321616541016,0.9
10.609999999999818,19237.083194641284,0.9
10.619999999999818,19207.373238691216,0.9
10.629999999999818,19456.94396467118,0.9
10.639999999999818,19427.452194116613,0.9
10.649999999999817,19397.50828652292,0.9
10.659999999999817,19367.108677573742,0.9
10.669999999999817,19336.342019358533,0.9
10.679999999999817,19551.58347320956,0.9
10.689999999999817,19521.182711786503,0.9
10.699999999999816,19490.47946069947,0.9
10.709999999999816,19459.562123681768,0.9
10.719999999999816,19781.58203346851,0.9
10.729999999999816,19751.703985475153,0.9
10.739999999999815,19721.554919971117,0.9
10.749999999999815,19691.24055922033,0.9
10.759999999999815,20195.206599628877,0.9
10.769999999999815,20166.5995722586,0.9
10.779999999999815,20137.65690144326,0.9
10.789999999999814,20108.409818091342,0.9
10.799999999999814,20078.832624400628,0.9
10.809999999999814,20407.92843116677,0.9
10.819999999999814,20667.82592322766,0.9
10.829999999999814,20639.742759149587,0.9
10.839999999999813,20611.13278984492,0.9
10.849999999999813,20582.014472956456,0.9
10.859999999999813,20916.570914070962,0.9
10.869999999999813,20887.827580158715,0.9
10.879999999999812,20858.50512058934,0.9
10.889999999999812,20828.610338312574,0.9
10.899999999999812,20798.09986021344,0.9
10.909999999999812,21024.243569849597,0.9
10.919999999999812,20993.867459168,0.9
10.929999999999811,20963.030623984236,0.9
10.939999999999811,20931.791718054737,0.9
10.949999999999811,21194.84860766922,0.9
10.95999999999981,21164.0656217196,0.9
10.96999999999981,21132.982836249415,0.9
10.97999999999981,21101.59496518997,0.9
10.98999999999981,21069.991721912218,0.9
10.99999999999981,21668.99157904255,0.9
11.00999999999981,21639.414458618714,0.9
11.01999999999981,21609.48003189609,0.9
11.02999999999981,21579.21451324579,0.9
11.039999999999809,21847.029633604296,0.9
11.049999999999809,21817.23627531572,0.9
11.059999999999809,22049.752881301072,0.9
11.069999999999808,22020.10526935594,0.9
11.079999999999808,21989.89691136366,0.9
11.089999999999808,21959.27608409297,0.9
11.099999999999808,22305.001434351478,0.9
11.109999999999808,22274.943820967565,0.9
11.119999999999807,22244.379731740883,0.9
11.129999999999807,22213.340827741788,0.9
11.139999999999807,22181.880190893175,0.9
11.149999999999807,22453.40449553995,0.9
11.159999999999807,22422.364096313988,0.9
11.169999999999806,22391.0097213095,0.9
11.179999999999806,22359.284762405732,0.9
11.189999999999806,22327.369603884163,0.9
11.199999999999806,22944.38933549876,0.9
11.209999999999805,22914.507342747573,0.9
11.219999999999805,22884.178037286638,0.9
11.229999999999805,22853.51927079739,0.9
11.239999999999805,23129.906859022783,0.9
11.249999999999805,23099.647629008254,0.9
11.259999999999804,23340.012371928126,0.9
11.269999999999804,23309.783858303683,0.9
11.279999999999804,23279.060184061065,0.9
11.289999999999804,23247.837119650245,0.9
11.299999999999804,23605.725712054555,0.9
11.309999999999803,23574.991669763676,0.9
11.319999999999803,23543.747136378788,0.9
11.329999999999803,23512.0573075676,0.9
11.339999999999803,23479.815204513758,0.9
11.349999999999802,23760.496939114615,0.9
11.359999999999802,23728.66723927914,0.9
11.369999999999802,23696.508796055175,0.9
11.379999999999802,23663.977273944933,0.9
11.389999999999802,24301.53296503616,0.9
11.399999999999801,24270.834187602115,0.9
11.409999999999801,24239.696648112033,0.9
11.419999999999801,24208.01226436901,0.9
11.4299999999998,24175.840695376926,0.9
11.4399999999998,24461.21076476368,0.9
11.4499999999998,24429.365479138676,0.9
11.4599999999998,24795.932023229067,0.9
11.4699999999998,24764.53868757746,0.9
11.4799999999998,24732.452519599286,0.9
11.4899999999998,24699.761627478263,0.9
11.4999999999998,24947.51334620423,0.9
11.509999999999799,24914.774050772907,0.9
11.519999999999799,24881.451192952547,0.9
11.529999999999799,24847.670634558897,0.9
11.539999999999798,25135.278427182064,0.9
11.549999999999798,25101.712462141375,0.9
11.559999999999798,25067.640919333495,0.9
11.569999999999798,25033.196921669063,0.9
11.579999999999798,24998.38367419218,0.9
11.589999999999797,25653.08484403687,0.9
11.599999999999797,25620.302536241867,0.9
11.609999999999797,25587.059921907305,0.9
11.619999999999797,25553.359038321316,0.9
11.629999999999797,25519.23224666555,0.9
11.639999999999796,25811.769102149632,0.9
11.649999999999796,25778.098723726216,0.9
11.659999999999796,26031.659464095123,0.9
11.669999999999796,25998.278590863047,0.9
11.679999999999795,25964.30990115289,0.9
11.689999999999795,25929.983049857827,0.9
11.699999999999795,26310.18897306832,0.9
11.709999999999795,26276.600551143165,0.9
11.719999999999795,26242.473679555984,0.9
11.729999999999794,26208.037513682633,0.9
11.739999999999794,26506.456475126375,0.9
11.749999999999794,26472.45526197431,0.9
11.759999999999794,26437.894414240585,0.9
11.769999999999794,26403.13374412046,0.9
11.779999999999793,26368.008038367378,0.9
11.789999999999793,26625.92626026664,0.9
11.799999999999793,26591.524833909793,0.9
11.809999999999793,26556.942066979307,0.9
11.819999999999792,26522.240674707533,0.9
11.829999999999792,26487.53746304297,0.9
11.839999999999792,27210.984021838354,0.9
11.849999999999792,27178.96858603036,0.9
11.859999999999792,27146.694899379938,0.9
11.869999999999791,27114.259080237007,0.9
11.879999999999791,27506.19583720414,0.9
11.889999999999791,27773.10927951611,0.9
11.89999999999979,27742.20582911765,0.9
11.90999999999979,27710.696933168743,0.9
11.91999999999979,27678.6405513219,0.9
11.92999999999979,27989.005061260606,0.9
11.93999999999979,27956.978589612056,0.9
11.94999999999979,27924.288769159622,0.9
11.95999999999979,27890.885709406473,0.9
11.96999999999979,27856.97731304074,0.9
11.979999999999789,28123.961300168412,0.9
11.989999999999789,28090.09443568587,0.9
11.999999999999789,28055.77993446874,0.9
12.009999999999788,28021.082120352203,0.9
12.019999999999788,28418.13185467782,0.9
12.029999999999788,28384.28295848694,0.9
12.039999999999788,28349.967185756206,0.9
12.049999999999788,28315.37489366598,0.9
12.059999999999787,28933.285132478366,0.9
12.069999999999787,28900.337693304045,0.9
12.079999999999787,28866.85115687753,0.9
12.089999999999787,28832.890707871775,0.9
12.099999999999786,28798.3734736894,0.9
12.109999999999786,29202.960837026614,0.9
12.119999999999786,29522.486647903253,0.9
12.129999999999786,29489.3019217389,0.9
12.139999999999786,29455.372253086127,0.9
12.149999999999785,29420.72607182043,0.9
12.159999999999785,29829.239841617673,0.9
12.169999999999785,29794.753205378413,0.9
12.179999999999785,29759.422467266722,0.9
12.189999999999785,29723.30452161562,0.9
12.199999999999784,29686.420609911598,0.9
12.209999999999784,29961.192586920777,0.9
12.219999999999784,29924.128957102203,0.9
12.229999999999784,29886.480267631094,0.9
12.239999999999783,29848.286464623157,0.9
12.249999999999783,30167.711445928537,0.9
12.259999999999783,30129.896228423,0.9
12.269999999999783,30091.616559835704,0.9
12.279999999999783,30053.003593382065,0.9
12.289999999999782,30014.113631819888,0.9
12.299999999999782,30741.89950405477,0.9
12.309999999999782,30705.22597004819,0.9
12.319999999999782,30668.184892525485,0.9
12.329999999999782,30630.795455875807,0.9
12.339999999999781,30955.763595966284,0.9
12.349999999999781,30918.80121131286,0.9
12.359999999999781,31200.721271937207,0.9
12.36999999999978,31163.848344231257,0.9
12.37999999999978,31126.38094286042,0.9
12.38999999999978,31088.42625802107,0.9
12.39999999999978,31507.785430390664,0.9
12.40999999999978,31470.394466196656,0.9
12.41999999999978,31432.367664708236,0.9
12.42999999999978,31393.841437057607,0.9
12.43999999999978,31722.244884036438,0.9
12.449999999999779,31683.992344191975,0.9
12.459999999999779,31645.16709421788,0.9
12.469999999999779,31605.919125750745,0.9
12.479999999999778,31566.250742789587,0.9
12.489999999999778,31849.82466444841,0.9
12.499999999999778,31810.70059334998,0.9
12.509999999999778,31771.318678952543,0.9
12.519999999999778,31731.749872147655,0.9
12.529999999999777,32529.788029389343,0.9
12.539999999999777,32492.763511210116,0.9
12.549999999999777,32455.36243343422,0.9
12.559999999999777,32417.53173089822,0.9
12.569999999999776,32379.301003256005,0.9
12.579999999999776,32668.940657252104,0.9
12.589999999999776,33101.487989700894,0.9
12.599999999999776,33064.696779569626,0.9
12.609999999999776,33027.31671330803,0.9
12.619999999999775,32989.25719973657,0.9
12.629999999999775,33328.736322444776,0.9
12.639999999999775,33290.6493286613,0.9
12.649999999999775,33251.91052645293,0.9
12.659999999999775,33212.47096095731,0.9
12.669999999999774,33172.45746108726,0.9
12.679999999999774,33607.38589023856,0.9
12.689999999999774,33567.931084152486,0.9
12.699999999999774,33527.892357911434,0.9
12.709999999999773,33487.3695242658,0.9
12.719999999999773,34163.636976494614,0.9
12.729999999999773,34124.55568897582,0.9
12.739999999999773,34084.809388930444,0.9
12.749999999999773,34044.434098583515,0.9
12.759999999999772,34003.419336011866,0.9
12.769999999999772,34443.00190940065,0.9
12.779999999999772,34402.45825332632,0.9
12.789999999999772,34699.60809986178,0.9
12.799999999999772,34658.880305422805,0.9
12.809999999999771,34617.44485376544,0.9
12.819999999999771,34575.301514913896,0.9
12.829999999999771,34532.53611830238,0.9
12.83999999999977,34877.5698301729,0.9
12.84999999999977,34835.04258510567,0.9
12.85999999999977,34791.99766134408,0.9
12.86999999999977,34748.50289342394,0.9
12.87999999999977,35046.02070164919,0.9
12.88999999999977,35002.97591535276,0.9
12.89999999999977,34959.61569541423,0.9
12.90999999999977,34916.013499604735,0.9
12.919999999999769,34872.26057870216,0.9
12.929999999999769,35714.36840229271,0.9
12.939999999999769,35673.35075066085,0.9
12.949999999999768,35632.03413670483,0.9
12.959999999999768,35590.38732756039,0.9
12.969999999999768,35894.2282626593,0.9
12.979999999999768,35853.02596934491,0.9
12.989999999999768,36307.43205774112,0.9
12.999999999999767,36266.94718637686,0.9
13.009999999999767,36225.86314041766,0.9
13.019999999999767,36184.172656407995,0.9
13.029999999999767,36540.88130896949,0.9
13.039999999999766,36499.299339676894,0.9
13.049999999999766,36457.07342464897,0.9
13.059999999999766,36414.238475787075,0.9
13.069999999999766,36370.863596655305,0.9
13.079999999999766,36677.485083086074,0.9
13.089999999999765,36634.387535412854,0.9
13.099999999999765,36590.89336817203,0.9
13.109999999999765,36547.07633550221,0.9
13.119999999999765,37005.87904464984,0.9
13.129999999999765,36963.221769313175,0.9
13.139999999999764,36920.29346316086,0.9
13.149999999999764,36877.132294113966,0.9
13.159999999999764,37591.4908528329,0.9
13.169999999999764,37550.32306996038,0.9
13.179999999999763,37508.74251836438,0.9
13.189999999999763,37466.7352776123,0.9
13.199999999999763,37424.35055648221,0.9
13.209999999999763,37890.057045562164,0.9
13.219999999999763,38257.0827670357,0.9
13.229999999999762,38216.240621834186,0.9
13.239999999999762,38174.763793867416,0.9
13.249999999999762,38132.54890799834,0.9
13.259999999999762,38089.69372406134,0.9
13.269999999999762,38559.78204672812,0.9
13.279999999999761,38517.272148038544,0.9
13.289999999999761,38474.011572849064,0.9
13.299999999999761,38430.1157442005,0.9
13.30999999999976,38748.50771337625,0.9
13.31999999999976,38704.53600144911,0.9
13.32999999999976,38659.93672053388,0.9
13.33999999999976,38614.770525127555,0.9
13.34999999999976,38569.204978566384,0.9
13.35999999999976,38937.75608924271,0.9
13.36999999999976,38892.81125888477,0.9
13.37999999999976,38847.62828445468,0.9
13.389999999999759,38802.19577948903,0.9
13.399999999999759,39642.93859914578,0.9
13.409999999999759,39599.89011985148,0.9
13.419999999999758,39556.48572006966,0.9
13.429999999999758,39512.62510407248,0.9
13.439999999999758,39887.60028301396,0.9
13.449999999999758,39844.182161503886,0.9
13.459999999999757,40168.46821863319,0.9
13.469999999999757,40125.035215128555,0.9
13.479999999999757,40081.01235533681,0.9
13.489999999999757,40036.27894662129,0.9
13.499999999999757,40518.454558222635,0.9
13.509999999999756,40474.16635872661,0.9
13.519999999999756,40429.228448696646,0.9
13.529999999999756,40383.55787539223,0.9
13.539999999999756,40337.323944012205,0.9
13.549999999999756,40714.58438245619,0.9
13.559999999999755,40668.7511262266,0.9
13.569999999999755,40622.36153481499,0.9
13.579999999999755,40575.55349575724,0.9
13.589999999999755,40528.42055612065,0.9
13.599999999999755,41386.98810635035,0.9
13.609999999999754,41342.108837553154,0.9
13.619999999999754,41296.83754442011,0.9
13.629999999999754,41251.06203399239,0.9
13.639999999999754,41633.146306156574,0.9
13.649999999999753,41587.7892745477,0.9
13.659999999999753,42081.51224661865,0.9
13.669999999999753,42036.62397413783,0.9
13.679999999999753,41990.94955025696,0.9
13.689999999999753,41944.46983757043,0.9
13.699999999999752,42276.75175854244,0.9
13.709999999999752,42230.00246283253,0.9
13.719999999999752,42182.585141023716,0.9
13.729999999999752,42134.325619257026,0.9
13.739999999999752,42085.58313439138,0.9
13.749999999999751,42471.647923908604,0.9
13.759999999999751,42423.27438565605,0.9
13.76999999999975,42374.36165417024,0.9
13.77999999999975,42325.125569148186,0.9
13.78999999999975,43204.9785172124,0.9
13.79999999999975,43157.999978356354,0.9
13.80999999999975,43110.42004923008,0.9
13.81999999999975,43062.34449891456,0.9
13.82999999999975,43013.78870265225,0.9
13.83999999999975,43403.66831966662,0.9
13.84999999999975,43355.44393819663,0.9
13.859999999999749,43691.993893357285,0.9
13.869999999999749,43643.941080944234,0.9
13.879999999999749,43595.25477172801,0.9
13.889999999999748,43546.015185845456,0.9
13.899999999999748,44049.47883277649,0.9
13.909999999999748,44000.9236000891,0.9
13.919999999999748,43951.815674473415,0.9
13.929999999999747,43902.13206172356,0.9
13.939999999999747,44295.73203156149,0.9
13.949999999999747,44246.53760844335,0.9
13.959999999999747,44196.93248222421,0.9
13.969999999999747,44146.862558231114,0.9
13.979999999999746,44096.46860591789,0.9
13.989999999999746,44435.31504263055,0.9
13.999999999999746,44385.780086271094,0.9
14.009999999999746,44336.000486079414,0.9
14.019999999999746,44286.270271561836,0.9
14.029999999999745,44236.58454451066,0.9
14.039999999999745,45193.68487833331,0.9
14.049999999999745,45147.075579821794,0.9
14.059999999999745,45100.58830082454,0.9
14.069999999999744,45053.83140726828,0.9
14.079999999999744,45570.66326704058,0.9
14.089999999999744,45921.714820659334,0.9
14.099999999999744,45876.85611032147,0.9
14.109999999999744,45831.52083128949,0.9
14.119999999999743,45785.48258868352,0.9
14.129999999999743,45738.741435317075,0.9
14.139999999999743,46145.058235600176,0.9
14.149999999999743,46098.55250913236,0.9
14.159999999999743,46051.35100119524,0.9
14.169999999999742,46003.60649792435,0.9
14.179999999999742,46525.05179355506,0.9
14.189999999999742,46477.87344043231,0.9
14.199999999999742,46430.11834121859,0.9
14.209999999999742,46381.81601809134,0.9
14.219999999999741,47190.695237009895,0.9
14.229999999999741,47143.76411587401,0.9
14.23999999999974,47096.30891285745,0.9
14.24999999999974,47048.06450505496,0.9
14.25999999999974,46999.10875209372,0.9
14.26999999999974,47352.29272866919,0.9
14.27999999999974,47303.36347462585,0.9
14.28999999999974,47830.565972411285,0.9
14.29999999999974,47781.91382211569,0.9
14.30999999999974,47732.44638987916,0.9
14.31999999999974,47682.28199769061,0.9
14.329999999999739,47631.41963615163,0.9
14.339999999999739,48043.16548823271,0.9
14.349999999999739,47992.43889559924,0.9
14.359999999999738,47941.25872220206,0.9
14.369999999999738,47889.46822754491,0.9
14.379999999999738,48243.44667954887,0.9
14.389999999999738,48192.116808255065,0.9
14.399999999999737,48140.5757962232,0.9
14.409999999999737,48088.680288661395,0.9
14.419999999999737,48619.77956673761,0.9
14.429999999999737,48569.34156014267,0.9
14.439999999999737,48518.80059922393,0.9
14.449999999999736,48468.13660282698,0.9
14.459999999999736,48417.47767967046,0.9
14.469999999999736,49423.51942815918,0.9
14.479999999999736,49375.884043438724,0.9
14.489999999999736,49328.009752404396,0.9
14.499999999999735,49279.81846421518,0.9
14.509999999999735,49645.03866907925,0.9
14.519999999999735,50070.23092326197,0.9
14.529999999999735,50023.39583151147,0.9
14.539999999999734,49975.838338222085,0.9
14.549999999999734,49927.56801901018,0.9
14.559999999999734,49878.60137821639,0.9
14.569999999999734,50244.92688183512,0.9
14.579999999999734,50195.91920804711,0.9
14.589999999999733,50146.25007143125,0.9
14.599999999999733,50096.08617205793,0.9
14.609999999999733,50641.257201462366,0.9
14.619999999999733,50591.99008071473,0.9
14.629999999999733,50542.15157721132,0.9
14.639999999999732,50491.97950439668,0.9
14.649999999999732,50919.83165086267,0.9
14.659999999999732,50870.35012937158,0.9
14.669999999999732,50820.51523366016,0.9
14.679999999999731,50770.32915298317,0.9
14.689999999999731,50719.92945440356,0.9
14.699999999999731,51689.71184958141,0.9
14.70999999999973,51641.94541897467,0.9
14.71999999999973,51593.94111236778,0.9
14.72999999999973,51545.452808516675,0.9
14.73999999999973,51979.84349696851,0.9
14.74999999999973,51931.914942941185,0.9
14.75999999999973,52308.15554020196,0.9
14.76999999999973,52260.36984848404,0.9
14.77999999999973,52212.02755617272,0.9
14.78999999999973,52162.956066619154,0.9
14.799999999999729,52721.445839333355,0.9
14.809999999999729,52672.92015035674,0.9
14.819999999999729,52623.80496691532,0.9
14.829999999999728,52573.94917251206,0.9
14.839999999999728,52523.585195913525,0.9
14.849999999999728,52961.15930428739,0.9
14.859999999999728,52911.27373391846,0.9
14.869999999999727,52860.872823461716,0.9
14.879999999999727,52810.141709783915,0.9
14.889999999999727,53188.11099137997,0.9
14.899999999999727,53138.16759411547,0.9
14.909999999999727,53087.986953488224,0.9
14.919999999999726,53037.67939048574,0.9
14.929999999999726,52987.35096075002,0.9
14.939999999999726,54046.73918581608,0.9
14.949999999999726,53999.75576398877,0.9
14.959999999999726,53952.58353176684,0.9
14.969999999999725,53905.176378261865,0.9
14.979999999999725,54291.587691315624,0.9
14.989999999999725,54866.169835556924,0.9
14.999999999999725,54820.71217725299,0.9
15.009999999999724,54774.59207265629,0.9
15.019999999999724,54727.72632519599,0.9
15.029999999999724,54680.103124723704,0.9
15.039999999999724,55130.64483664956,0.9
15.049999999999724,55083.03635522784,0.9
15.059999999999723,55034.65453541773,0.9
15.069999999999723,54985.56803651656,0.9
15.079999999999723,55373.85708584754,0.9
15.089999999999723,55324.825953288535,0.9
15.099999999999723,55275.23456412453,0.9
15.109999999999722,55225.13385603275,0.9
15.119999999999722,55174.70710187191,0.9
15.129999999999722,56256.43221325473,0.9
15.139999999999722,56208.68592635574,0.9
15.149999999999721,56160.474976549085,0.9
15.159999999999721,56111.74794365825,0.9
15.169999999999721,56695.14813624007,0.9
15.17999999999972,56647.08673826728,0.9
15.18999999999972,57042.10209036716,0.9
15.19999999999972,56993.742538663486,0.9
15.20999999999972,56944.47849665162,0.9
15.21999999999972,56894.29965543214,0.9
15.22999999999972,56843.259081558375,0.9
15.23999999999972,57300.65788185443,0.9
15.24999999999972,57249.58755110131,0.9
15.25999999999972,57197.84999087211,0.9
15.269999999999719,57145.45676343487,0.9
15.279999999999719,57539.65947511033,0.9
15.289999999999718,57487.58983662694,0.9
15.299999999999718,57435.09884743748,0.9
15.309999999999718,57382.2790277912,0.9
15.319999999999718,57329.2959751334,0.9
15.329999999999718,58434.62315882812,0.9
15.339999999999717,58384.79421042129,0.9
15.349999999999717,58334.69211686618,0.9
15.359999999999717,58284.2449190445,0.9
15.369999999999717,58879.384124422904,0.9
15.379999999999717,58829.98544701337,0.9
15.389999999999716,59233.46937760692,0.9
15.399999999999716,59184.175484762,0.9
15.409999999999716,59134.13358624647,0.9
15.419999999999716,59083.32871980211,0.9
15.429999999999715,59031.80724341105,0.9
15.439999999999715,59499.604283303845,0.9
15.449999999999715,59448.37668111325,0.9
15.459999999999715,59396.560953497195,0.9
15.469999999999715,59344.25262924737,0.9
15.479999999999714,59748.442351100326,0.9
15.489999999999714,59696.71290593313,0.9
15.499999999999714,59644.67263888881,0.9
15.509999999999714,59592.410770869006,0.9
15.519999999999714,59540.03983354799,0.9
15.529999999999713,60666.5174596872,0.9
15.539999999999713,60617.522924683006,0.9
15.549999999999713,60568.363865126266,0.9
15.559999999999713,60518.89509881988,0.9
15.569999999999713,60469.14006799371,0.9
15.579999999999712,61078.804104657946,0.9
15.589999999999712,61493.79175791963,0.9
15.599999999999712,61446.17898256522,0.9
15.609999999999712,61398.00829125992,0.9
15.619999999999711,61349.11894887258,0.9
15.629999999999711,61299.612395950026,0.9
15.639999999999711,61780.67492732075,0.9
15.64999999999971,61731.520310596,0.9
15.65999999999971,61681.76510600318,0.9
15.66999999999971,61631.478468882415,0.9
15.67999999999971,61580.75994023926,0.9
15.68999999999971,61997.00586997476,0.9
15.69999999999971,61947.069981321,0.9
15.70999999999971,61896.9804561954,0.9
15.71999999999971,61846.80078860544,0.9
15.729999999999709,61796.68204044106,0.9
15.739999999999709,62954.26532454932,0.9
15.749999999999709,62907.83550858513,0.9
15.759999999999708,62861.26975045189,0.9
15.769999999999708,62814.58308678327,0.9
15.779999999999708,63239.19476357802,0.9
15.789999999999708,63870.07830802545,0.9
15.799999999999708,63825.61522731592,0.9
15.809999999999707,63780.52221529435,0.9
15.819999999999707,63734.589463613054,0.9
15.829999999999707,63687.930058076476,0.9
15.839999999999707,64182.61957262785,0.9
15.849999999999707,64135.922016049924,0.9
15.859999999999706,64088.43516624389,0.9
15.869999999999706,64040.2332797887,0.9
15.879999999999706,64671.60944198934,0.9
15.889999999999706,64623.95231679766,0.9
15.899999999999705,64575.554548323315,0.9
15.909999999999705,64526.56283243099,0.9
15.919999999999705,64476.8940621054,0.9
15.929999999999705,65453.23156806882,0.9
15.939999999999705,65405.46227302988,0.9
15.949999999999704,65357.10452722506,0.9
15.959999999999704,65308.06479226547,0.9
15.969999999999704,65946.1095943937,0.9
15.979999999999704,65897.5790021736,0.9
15.989999999999704,66330.57680915929,0.9
15.999999999999703,66281.71099225094,0.9
16.009999999999703,66231.91378323355,0.9
16.019999999999705,66181.17932411925,0.9
16.029999999999706,66129.47246116071,0.9
16.039999999999708,66629.43504313898,0.9
16.04999999999971,66577.78693172625,0.9
16.05999999999971,66525.31354911497,0.9
16.069999999999713,66472.19809883324,0.9
16.079999999999714,67114.54219459763,0.9
16.089999999999716,67062.5048182859,0.9
16.099999999999717,67009.86261117272,0.9
16.10999999999972,66956.7643936493,0.9
16.11999999999972,66903.36428363717,0.9
16.129999999999722,67900.35223193036,0.9
16.139999999999723,67849.43044412945,0.9
16.149999999999725,67798.13012630197,0.9
16.159999999999727,67746.39678432322,0.9
16.169999999999728,68186.0730609739,0.9
16.17999999999973,68134.81746962217,0.9
16.18999999999973,68788.56806857776,0.9
16.199999999999733,68738.27336697499,0.9
16.209999999999734,68687.42810952304,0.9
16.219999999999736,68635.74301534143,0.9
16.229999999999738,69149.48409550868,0.9
16.23999999999974,69097.99875626268,0.9
16.24999999999974,69045.91488681658,0.9
16.259999999999742,68993.01153646503,0.9
16.269999999999744,68939.64203168933,0.9
16.279999999999745,69382.35908465047,0.9
16.289999999999747,69329.56370234433,0.9
16.29999999999975,69276.32374911914,0.9
16.30999999999975,69223.00079879425,0.9
16.31999999999975,69882.1492006339,0.9
16.329999999999753,69830.691239014,0.9
16.339999999999755,69779.02782321275,0.9
16.349999999999756,69727.59314139707,0.9
16.359999999999758,69675.7155124372,0.9
16.36999999999976,70696.1815579163,0.9
16.37999999999976,70647.7302806942,0.9
16.389999999999763,70599.4363585293,0.9
16.399999999999764,70550.65407125774,0.9
16.409999999999766,71221.57412101876,0.9
16.419999999999767,71174.67033238654,0.9
16.42999999999977,71704.4026833032,0.9
16.43999999999977,71658.22580776742,0.9
16.449999999999772,71611.39897340759,0.9
16.459999999999773,71563.70996508664,0.9
16.469999999999775,72022.36424440895,0.9
16.479999999999777,71974.70524334653,0.9
16.489999999999778,71926.29940438272,0.9
16.49999999999978,71877.2547158092,0.9
16.50999999999978,72555.10504441416,0.9
16.519999999999783,72506.59246717718,0.9
16.529999999999784,72457.7216212456,0.9
16.539999999999786,72407.98596442917,0.9
16.549999999999788,72357.83657083951,0.9
16.55999999999979,72890.0419892782,0.9
16.56999999999979,72840.60147338887,0.9
16.579999999999792,72790.80079118545,0.9
16.589999999999794,72740.77774429663,0.9
16.599999999999795,73937.80588594254,0.9
16.609999999999797,73890.6354502395,0.9
16.6199999999998,73842.91973253076,0.9
16.6299999999998,73794.75993109704,0.9
16.6399999999998,74333.9281053491,0.9
16.649999999999803,74286.03301341952,0.9
16.659999999999805,74976.4555263629,0.9
16.669999999999806,74928.85374307877,0.9
16.679999999999808,74880.0149692641,0.9
16.68999999999981,74830.16969279032,0.9
16.69999999999981,75298.22898368732,0.9
16.709999999999813,75247.41740618699,0.9
16.719999999999814,75195.36523014957,0.9
16.729999999999816,75142.27762201041,0.9
16.739999999999817,75088.27341331413,0.9
16.74999999999982,75628.81740906945,0.9
16.75999999999982,75574.73917024177,0.9
16.769999999999822,75519.99368544172,0.9
16.779999999999824,75464.75589845223,0.9
16.789999999999825,75409.17587502801,0.9
16.799999999999827,76623.31714201455,0.9
16.809999999999828,76570.63093281235,0.9
16.81999999999983,76517.53459209972,0.9
16.82999999999983,76463.93522200624,0.9
16.839999999999833,77010.87885134948,0.9
16.849999999999834,76957.92499643135,0.9
16.859999999999836,77658.89066910344,0.9
16.869999999999838,77606.61899151352,0.9
16.87999999999984,77553.30239578256,0.9
16.88999999999984,77499.17133347258,0.9
16.899999999999842,77443.94781375937,0.9
16.909999999999844,77919.24288787217,0.9
16.919999999999845,77863.81365022312,0.9
16.929999999999847,77807.77382937241,0.9
16.93999999999985,77750.91154034776,0.9
16.94999999999985,77693.6639361694,0.9
16.95999999999985,78244.61555499453,0.9
16.969999999999853,78188.42244069485,0.9
16.979999999999855,78131.96668653954,0.9
16.989999999999856,78075.41007548168,0.9
16.999999999999858,79317.23667058114,0.9
17.00999999999986,79264.2300915666,0.9
17.01999999999986,79210.91973931307,0.9
17.029999999999863,79157.24338286437,0.9
17.039999999999864,79103.16537040766,0.9
17.049999999999866,79662.1065352564,0.9
17.059999999999867,80146.2221839652,0.9
17.06999999999987,80093.89984431665,0.9
17.07999999999987,80041.0664931775,0.9
17.089999999999872,79987.5213782887,0.9
17.099999999999874,80704.57810161692,0.9
17.109999999999875,80651.59052764635,0.9
17.119999999999877,80597.72081946804,0.9
17.129999999999878,80543.08061155376,0.9
17.13999999999988,80487.72777569683,0.9
17.14999999999988,81050.36701007916,0.9
17.159999999999883,80995.33833981617,0.9
17.169999999999884,80939.79990427205,0.9
17.179999999999886,80883.62552651178,0.9
17.189999999999888,80827.13221617766,0.9
17.19999999999989,82092.33969603972,0.9
17.20999999999989,82038.92584576878,0.9
17.219999999999892,81984.96316903864,0.9
17.229999999999894,81930.57751445149,0.9
17.239999999999895,82499.41693234934,0.9
17.249999999999897,82445.47845253785,0.9
17.2599999999999,83175.6693529976,0.9
17.2699999999999,83122.24724317591,0.9
17.2799999999999,83067.76354964724,0.9
17.289999999999903,83012.19159116558,0.9
17.299999999999905,82955.48979728803,0.9
17.309999999999906,83450.9126710197,0.9
17.319999999999908,83393.75500300076,0.9
17.32999999999991,83335.81760243292,0.9
17.33999999999991,83276.96775334605,0.9
17.349999999999913,83217.56485906465,0.9
17.359999999999914,83790.45105850199,0.9
17.369999999999916,83731.8371995337,0.9
17.379999999999917,83672.93140377454,0.9
17.38999999999992,83613.82529771265,0.9
17.39999999999992,84905.48185456412,0.9
17.409999999999922,84849.75999364878,0.9
17.419999999999924,84793.6265398058,0.9
17.429999999999925,84737.17157713516,0.9
17.439999999999927,85318.24938974313,0.9
17.44999999999993,85262.3251850377,0.9
17.45999999999993,85766.49325526335,0.9
17.46999999999993,85710.58900393348,0.9
17.479999999999933,85653.72650183566,0.9
17.489999999999934,85596.04434507276,0.9
17.499999999999936,86340.15192523,0.9
17.509999999999938,86282.78863680383,0.9
17.51999999999994,86224.50322542134,0.9
17.52999999999994,86165.28886184051,0.9
17.539999999999942,86105.22317557246,0.9
17.549999999999944,86687.9592334798,0.9
17.559999999999945,86628.18160000505,0.9
17.569999999999947,86567.84720919287,0.9
17.57999999999995,86506.99600579306,0.9
17.58999999999995,87009.63219684034,0.9
17.59999999999995,86949.52641639223,0.9
17.609999999999953,86889.20462217969,0.9
17.619999999999955,86828.74757689351,0.9
17.629999999999956,86768.26319418509,0.9
17.639999999999958,88165.85001372402,0.9
17.64999999999996,88109.33101285809,0.9
17.65999999999996,88052.62941702548,0.9
17.669999999999963,87995.70598097275,0.9
17.679999999999964,88508.72929964363,0.9
17.689999999999966,89271.58745819324,0.9
17.699999999999967,89216.77800801222,0.9
17.70999999999997,89161.1359808352,0.9
17.71999999999997,89104.4150127103,0.9
17.729999999999972,89046.6431124052,0.9
17.739999999999974,89645.25456528431,0.9
17.749999999999975,89587.05600480096,0.9
17.759999999999977,89527.77494930565,0.9
17.76999999999998,89467.5053148661,0.9
17.77999999999998,90229.50603360926,0.9
17.78999999999998,90169.51719197395,0.9
17.799999999999983,90108.61641912023,0.9
17.809999999999985,90046.84152463923,0.9
17.819999999999986,90563.06022527872,0.9
17.829999999999988,90501.2331181164,0.9
17.83999999999999,90438.70659738356,0.9
17.84999999999999,90375.56616124384,0.9
17.859999999999992,90311.95110416539,0.9
17.869999999999994,91740.49612811173,0.9
17.879999999999995,91680.03428506742,0.9
17.889999999999997,91619.07417256493,0.9
17.9,91557.45598208197,0.9
17.91,92077.24758350813,0.9
17.92,92683.58009128444,0.9
17.930000000000003,92622.71761205758,0.9
17.940000000000005,92560.7683187578,0.9
17.950000000000006,92497.61483933851,0.9
17.960000000000008,92433.29333161277,0.9
17.97000000000001,92953.73284892757,0.9
17.98000000000001,92888.78839577036,0.9
17.990000000000013,92822.87540585482,0.9
18.000000000000014,92756.10655804646,0.9
18.010000000000016,92688.5949026007,0.9
18.020000000000017,93459.34236325303,0.9
18.03000000000002,93393.05878205739,0.9
18.04000000000002,93326.44750893286,0.9
18.050000000000022,93259.49780501515,0.9
18.060000000000024,94706.98880297429,0.9
18.070000000000025,94643.36015909608,0.9
18.080000000000027,94579.22621999956,0.9
18.09000000000003,94514.3486715547,0.9
18.10000000000003,94448.81561889687,0.9
18.11000000000003,94975.1626529504,0.9
18.120000000000033,94909.57560415802,0.9
18.130000000000035,95521.90815914317,0.9
18.140000000000036,95456.48781538827,0.9
18.150000000000038,95390.2076746852,0.9
18.16000000000004,95323.02438362631,0.9
18.17000000000004,95850.41181366461,0.9
18.180000000000042,95783.2162409246,0.9
18.190000000000044,95715.24326403707,0.9
18.200000000000045,95646.69598253422,0.9
18.210000000000047,96430.444292624,0.9
18.22000000000005,96363.05950779121,0.9
18.23000000000005,96295.14836204133,0.9
18.24000000000005,96226.83858254379,0.9
18.250000000000053,96158.23285035494,0.9
18.260000000000055,96773.06651501554,0.9
18.270000000000056,96705.79719450366,0.9
18.280000000000058,96638.5643755315,0.9
18.29000000000006,96571.34975356207,0.9
18.30000000000006,96504.1902614511,0.9
18.310000000000063,97895.52216731296,0.9
18.320000000000064,97832.57336857443,0.9
18.330000000000066,97769.60925608929,0.9
18.340000000000067,97706.59602050816,0.9
18.35000000000007,98332.18357056812,0.9
18.36000000000007,98876.16690731894,0.9
18.370000000000072,98815.35782129213,0.9
18.380000000000074,98753.99205690906,0.9
18.390000000000075,98691.78150612787,0.9
18.400000000000077,98628.75889548314,0.9
18.41000000000008,99430.13435771018,0.9
18.42000000000008,99367.63792389893,0.9
18.43000000000008,99304.39889628721,0.9
18.440000000000083,99240.40154601178,0.9
18.450000000000085,99871.53943341236,0.9
18.460000000000086,99807.62285974601,0.9
18.470000000000088,99743.10791853395,0.9
18.48000000000009,99677.7834553761,0.9
18.49000000000009,99611.88263774874,0.9
18.500000000000092,101034.61596986947,0.9
18.510000000000094,100971.41835692675,0.9
18.520000000000095,100907.74542503503,0.9
18.530000000000097,100843.17216747407,0.9
18.5400000000001,101481.2415723619,0.9
18.5500000000001,101416.79498814368,0.9
18.5600000000001,102233.16760062089,0.9
18.570000000000103,102168.70962965662,0.9
18.580000000000105,102102.98560198411,0.9
18.590000000000106,102035.88770782854,0.9
18.600000000000108,102586.21233914536,0.9
18.61000000000011,102517.87128650128,0.9
18.62000000000011,102448.18455365997,0.9
18.630000000000113,102377.20948772604,0.9
18.640000000000114,102305.09178029788,0.9
18.650000000000116,102940.82419023113,0.9
18.660000000000117,102868.6909614136,0.9
18.67000000000012,102795.8719312702,0.9
18.68000000000012,102722.48111842229,0.9
18.690000000000122,102648.70047294506,0.9
18.700000000000124,104087.71697009695,0.9
18.710000000000125,104017.23560372958,0.9
18.720000000000127,103946.46590272893,0.9
18.73000000000013,103875.26486632352,0.9
18.74000000000013,104517.24311973508,0.9
18.75000000000013,104446.77785099442,0.9
18.760000000000133,105271.94901349233,0.9
18.770000000000135,105202.2345999821,0.9
18.780000000000136,105131.88658540563,0.9
18.790000000000138,105060.36536201899,0.9
18.80000000000014,105617.11336934424,0.9
18.81000000000014,105545.1833749535,0.9
18.820000000000142,105472.17852448128,0.9
18.830000000000144,105398.23462549737,0.9
18.840000000000146,105323.48940231951,0.9
18.850000000000147,105967.69198962746,0.9
18.86000000000015,105893.59907812104,0.9
18.87000000000015,105819.04240086462,0.9
18.88000000000015,105744.30242073366,0.9
18.890000000000153,106300.72756056249,0.9
18.900000000000155,106227.56832582325,0.9
18.910000000000156,106154.3088403509,0.9
18.920000000000158,106081.22291265387,0.9
18.93000000000016,106008.46363676741,0.9
18.94000000000016,107570.93730525252,0.9
18.950000000000163,107502.81301334046,0.9
18.960000000000164,107435.15037930664,0.9
18.970000000000166,107367.44751585204,0.9
18.980000000000167,108211.12189302544,0.9
18.99000000000017,108785.32349358166,0.9
19.00000000000017,108720.7377834318,0.9
19.010000000000172,108655.22489650063,0.9
19.020000000000174,108589.0681686844,0.9
19.030000000000175,108521.72480089524,0.9
19.040000000000177,109185.47442631202,0.9
19.05000000000018,109117.74648553786,0.9
19.06000000000018,109049.46864244039,0.9
19.07000000000018,108980.08490224827,0.9
19.080000000000183,109826.76813333532,0.9
19.090000000000185,109757.76061174826,0.9
19.100000000000186,109688.37309424371,0.9
19.110000000000188,109618.01920956779,0.9
19.12000000000019,109546.99115217793,0.9
19.13000000000019,110856.28252033684,0.9
19.140000000000192,110787.34195815104,0.9
19.150000000000194,110717.7795109457,0.9
19.160000000000196,110647.66941820252,0.9
19.170000000000197,111223.52101345846,0.9
19.1800000000002,111153.40569932408,0.9
19.1900000000002,112008.68951117138,0.9
19.200000000000202,111938.96415713179,0.9
19.210000000000203,111868.1215523507,0.9
19.220000000000205,111796.3666664314,0.9
19.230000000000206,111723.33599634844,0.9
19.240000000000208,112392.47821240177,0.9
19.25000000000021,112319.35048591979,0.9
19.26000000000021,112245.60330651706,0.9
19.270000000000213,112170.91525474912,0.9
19.280000000000214,112095.83631299672,0.9
19.290000000000216,112951.84158764125,0.9
19.300000000000217,112878.21145129626,0.9
19.31000000000022,112804.37167027504,0.9
19.32000000000022,112730.35986132291,0.9
19.330000000000222,114061.88842879511,0.9
19.340000000000224,113990.96739593256,0.9
19.350000000000225,113919.7920326477,0.9
19.360000000000227,113848.19838910608,0.9
19.37000000000023,113776.15285634561,0.9
19.38000000000023,114361.70720246402,0.9
19.39000000000023,115231.98480920217,0.9
19.400000000000233,115162.41250217379,0.9
19.410000000000235,115092.16448300629,0.9
19.420000000000236,115021.08456494038,0.9
19.430000000000238,114949.15097725415,0.9
19.44000000000024,115632.25941727834,0.9
19.45000000000024,115560.56486309778,0.9
19.460000000000242,115488.16793819914,0.9
19.470000000000244,115415.01871759116,0.9
19.480000000000246,116287.74021665106,0.9
19.490000000000247,116215.66925517847,0.9
19.50000000000025,116143.38959565165,0.9
19.51000000000025,116070.532860143,0.9
19.520000000000252,116662.76061488577,0.9
19.530000000000253,116590.6259753368,0.9
19.540000000000255,116518.39274118672,0.9
19.550000000000257,116445.85648192359,0.9
19.560000000000258,116373.25089260537,0.9
19.57000000000026,117727.78992049197,0.9
19.58000000000026,117658.7282839689,0.9
19.590000000000263,117589.61470719954,0.9
19.600000000000264,117520.5651788523,0.9
19.610000000000266,118406.55206271606,0.9
19.620000000000267,118339.16436010064,0.9
19.63000000000027,119037.55721423667,0.9
19.64000000000027,118971.30014923005,0.9
19.650000000000272,118904.15880788372,0.9
19.660000000000274,118836.0133944743,0.9
19.670000000000275,119730.55103514553,0.9
19.680000000000277,119663.02291349998,0.9
19.69000000000028,119594.60744460495,0.9
19.70000000000028,119524.9294574463,0.9
19.71000000000028,119454.52005437725,0.9
19.720000000000283,120060.14515364871,0.9
19.730000000000285,119989.60359223078,0.9
19.740000000000286,119918.52648338777,0.9
19.750000000000288,119846.93731281611,0.9
19.76000000000029,121228.46298696731,0.9
19.77000000000029,121159.58519147045,0.9
19.780000000000292,121090.11417867825,0.9
19.790000000000294,121020.19261186261,0.9
19.800000000000296,120949.52265560729,0.9
19.810000000000297,121851.08818140034,0.9
19.8200000000003,121781.68332106492,0.9
19.8300000000003,122491.45134167578,0.9
19.840000000000302,122422.59369518106,0.9
19.850000000000303,122352.91897957542,0.9
19.860000000000305,122282.34440729438,0.9
19.870000000000307,123187.87979823089,0.9
19.880000000000308,123117.7946763375,0.9
19.89000000000031,123046.72352812234,0.9
19.90000000000031,122974.81119470928,0.9
19.910000000000313,123587.12176697799,0.9
19.920000000000314,123515.0052828975,0.9
19.930000000000316,123442.12092717098,0.9
19.940000000000317,123368.54389323473,0.9
19.95000000000032,123294.44078936754,0.9
19.96000000000032,124004.85980561022,0.9
19.970000000000322,123932.07772034456,0.9
19.980000000000324,123859.32166931788,0.9
19.990000000000325,123786.63126875405,0.9
20.000000000000327,125387.41997785134,0.9
